,,,,,
Protein,Split site ,Reference ,Length,Sequence ,DSSP
GFP,"157
193
212
214","https://pubs.acs.org/doi/10.1021/ja994421w
https://pubmed.ncbi.nlm.nih.gov/15580262/
https://www.nature.com/articles/s41598-018-24466-0
https://analyticalsciencejournals.onlinelibrary.wiley.com/doi/full/10.1002/bit.28326
https://www.nature.com/articles/s41598-018-36559-x
https://www.nature.com/articles/srep02854
https://chemistry-europe.onlinelibrary.wiley.com/doi/full/10.1002/cbic.202300723
https://www.nature.com/articles/s41467-018-03046-w
https://pmc.ncbi.nlm.nih.gov/articles/PMC3711563/
https://onlinelibrary.wiley.com/doi/full/10.1002/pro.3992",238,MSKGEELFTGVVPILVELDGDVNGHKFSVSGEGEGDATYGKLTLKFICTTGKLPVPWPTLVTTFSYGVQCFSRYPDHMKQHDFFKSAMPEGYVQERTIFFKDDGNYKTRAEVKFEGDTLVNRIELKGIDFKEDGNILGHKLEYNYNSHNVYIMADKQKNGIKVNFKIRHNIEDGSVQLADHYQQNTPIGDGPVLLPDNHYLSTQSALSKDPNEKRDHMVLLEFVTAAGITHGMDELYK,CCCCHHHHCCEEEEEEEEEEEECCEEEEEEEEEEEECCCCEEEEEEEECCCCCCCCHHHHHHHHHHHCHHHCECCHHHHHHCHHHHCCCCCEEEEEEEEECCCCEEEEEEEEEEECCEEEEEEEEEEECCCCCCCCCCCCECCCCCCEEEEEEEEHHHCEEEEEEEEEEEECCCCEEEEEEEEEEEECCCCCCCCCCCEEEEEEEEEECCCCCCCCEEEEEEEEEEECCCCCHHHHCC
"sCFP1,2",214,https://www.nature.com/articles/s41598-018-23625-7,240,MVSKGEELFTGVVPILVELDGDVNGHKFSVSGEGEGDATYGKLTLKFICTTGKLPVPWPTLVTTLTWGVQCFARYPDHMKQHDFFKSAMPEGYVQERTIFFKDDGNYKTRAEVKFEGDTLVNRIELKGIDFKEDGNILGHKLEYNYISHNVYITADKQKNGIKANFKIRHNIEDGGVQLADHYQQNTPIGDGPVLLPDNHYLSTQSKLSKDPNEKRDHMVLLEFVTAAGITLGMDELYK,CCCHHHHHHCCEEEEEEEEEEEECCEEEEEEEEEEEECCCCEEEEEEEECCCCCCCCHHHHHHHHCCCCHHHCECCHHHHHHCHHHHCCCCCEEEEEEEEECCCCEEEEEEEEEEECCEEEEEEEEEEECCCCCCCCCCCCECCCCCCEEEEEEEEHHHCEEEEEEEEEEEECCCCEEEEEEEEEEEECCCCCCCCCCCEEEEEEEEEECCCCCCCCEEEEEEEEEEECCCCCHHHCCC
Cerulean,154,https://www.tandfonline.com/doi/full/10.2144/000112036,239,MVSKGEELFTGVVPILVELDGDVNGHKFSVSGEGEGDATYGKLTLKFICTTGKLPVPWPTLVTTLTWGVQCFARYPDHMKQHDFFKSAMPEGYVQERTIFFKDDGNYKTRAEVKFEGDTLVNRIELKGIDFKEDGNILGHKLEYNAISDNVYITADKQKNGIKANFKIRHNIEDGSVQLADHYQQNTPIGDGPVLLPDNHYLSTQSALSKDPNEKRDHMVLLEFVTAAGITLGMDELYK,CCCHHHHHHCCEEEEEEEEEEEECCEEEEEEEEEEEECCCCEEEEEEEECCCCCCCCHHHHHHHHCCCCHHHCECCHHHHHHCHHHHCCCCCEEEEEEEEECCCCEEEEEEEEEEECCEEEEEEEEEEECCCCCCCCCCCCECCCCEEEEEEEEEEHHHCEEEEEEEEEEEECCCCEEEEEEEEEEEECCCCCCCCCCCEEEEEEEEEECCCCCCCCEEEEEEEEEEECCCCCHHHCCC
ECFP,154,https://www.nature.com/articles/nbt816,237,MVSKGEELFTGVVPILVELDGDVNGHKFSVSGEGEGDATYGKLTLKFICTTGKLPVPWPTLVTTLTWGVQCFSRYPDHMKQHDFFKSAMPEGYVQERTIFFKDDGNYKTRAEVKFEGDTLVNRIELKGIDFKEDGNILGHKLEYNYISHNVYITADKQKNGIKANFKIRHNIEDGSVQLADHYQQNTPIGDGPVLLPDNHYLSTQSALSKDPNEKRDHMVLLEFVTAAGITLGMDELYK,CCCCCHHHHCCEEEEEEEEEEEECCEEEEEEEEEEEECCCCEEEEEEEECCCCCCCCHHHHHHHHCCCCHHHCECCHHHHHHCHHHHCCCCCEEEEEEEEECCCCEEEEEEEEEEECCEEEEEEEEEEECCCCCCCCCCCCECCCCCCEEEEEEEEHHHCEEEEEEEEEEEECCCCEEEEEEEEEEEECCCCCCCCCCCEEEEEEEEEECCCCCCCCEEEEEEEEEEECCCCCHHHCCC
EBFP,"156
172",https://www.nature.com/articles/nbt816,236,MSKGEELFTGVVPILVELDGDVNGHKFSVSGEGEGDATYGKLTLKFICTTGKLPVPWPTLVTTFSHGVQCFSRYPDHMKRHDFFKSAMPEGYVQERTIFFKDDGNYKTRAEVKFEGDTLVNRIELKGIDFKEDGNILGHKLEYNFNSHNVYIMADKQKNGIKVNFKIRHNIEDGSVQLADHYQQNTPIGDGPVLLPDNHYLSTQSALSKDPNEKRDHMVLLEFVTAAGITHGMDELYK,CCHHHHHHCCEEEEEEEEEEEECCEEEEEEEEEEEECCCCEEEEEEEECCCCCCCCHHHHHHHHCCCCHHHCECCHHHHHHCHHHHCCCCCEEEEEEEEECCCCEEEEEEEEEEECCEEEEEEEEEEECCCCCCCCCCCCECCCCCCEEEEEEEEHHHCEEEEEEEEEEEECCCCEEEEEEEEEEEECCCCCCCCCCCEEEEEEEEEECCCCCCCCEEEEEEEEEEECCCCCHHHCCC
EYFP,"154
155
172","https://pmc.ncbi.nlm.nih.gov/articles/PMC1820765
https://www.sciencedirect.com/science/article/pii/S1097276502004963?via%3Dihub
https://onlinelibrary.wiley.com/doi/full/10.1111/j.1365-313X.2004.02219.x",238,MVSKGEELFTGVVPILVELDGDVNGHKFSVSGEGEGDATYGKLTLKFICTTGKLPVPWPTLVTTFGYGLQCFARYPDHMKQHDFFKSAMPEGYVQERTIFFKDDGNYKTRAEVKFEGDTLVNRIELKGIDFKEDGNILGHKLEYNYNSHNVYIMADKQKNGIKVNFKIRHNIEDGSVQLADHYQQNTPIGDGPVLLPDNHYLSYQSALSKDPNEKRDHMVLLEFVTAAGITLGMDELYK,CCCCCHHHHCCEEEEEEEEEEEECCEEEEEEEEEEEECCCCEEEEEEEECCCCCCCCHHHHHHHHHHHCHHHCECCHHHHHHCHHHHCCCCCEEEEEEEEECCCCEEEEEEEEEEECCEEEEEEEEEEECCCCCCCCCCCCECCCCCCEEEEEEEEHHHCEEEEEEEEEEEECCCCEEEEEEEEEEEECCCCCCCCCCCEEEEEEEEEECCCCCCCCEEEEEEEEEEECCCCCHHHCCC
miRFP670,122,https://www.nature.com/articles/ncomms12405#Sec2,316,MVAGHASGSPAFGTASHSNCEHEEIHLAGSIQPHGALLVVSEHDHRVIQASANAAEFLNLGSVLGVPLAEIDGDLLIKILPHLDPTAEGMPVAVRCRIGNPSTEYCGLMHRPPEGGLIIELERAGPSIDLSGTLAPALERIRTAGSLRALCDDTVLLFQQCTGYDRVMVYRFDEQGHGLVFSECHVPGLESYFGNRYPSSTVPQMARQLYVRQRVRVLVDVTYQPVPLEPRLSPLTGR DLDMSGCFLRSMSPCHLQFLKDMGVRATLAVSLVVGGKLWGLVVCHHYLPRFIRFELRAICKRLAERIATRITALES,CCCCCCCCCCCCCCCCCCCHHHCCCCCCCEECCCCEEEEECCCCCEEEEEECCHHHHHCCCCCCCCEHHHCCECHHHHHHHHCCCCCCCCCEEEEEEECCCCEEEEEEEECCCCCCEEEEEEECCCCCCCHHHHHHHHHHHHHCCCHHHHHHHHHHHHHHHHCCCEEEEEEECCCCCEEEEEEEECCCCCCCCCCEECHHHCCHHHHHHHHHCCEEEECCCCCCCEEEECCECCCCCCECCCCCCCCECCCHHHHHHHHHCCCCEEEEEEEEECCEEEEEEEEEECCCCCCCHHHHHHHHHHHHHHHHHHHHHHC
miRFP709,122,https://www.nature.com/articles/ncomms12405#Sec2,315,MVAGHASGSPAFGTASHSNCEHEEIHLAGSIQPHGALLVVSEHDHRVIQASANAAEFLNLGSVLGVPLAEIDGDLLIKILPHLDPTAEGMPVAVRCRIGNPSTEYCGLMHRPPEGGLIIELERAGPSIDLSGTLAPALERIRTAGSLRALCDDTVLLFQQCTGYDRVMVYRFDEQGHGLVFSECHVPGLESYFGNRYPSSFIPQMARQLYVRQRVRVLVDVTYQPVPLEPRLSPLTGRDLDMSGCFLRSMSPIHLQFLKDMGVRATLAVSLVVGGKLWGLVVCHHYLPRFIRFELRAICKRLAERIATRITALES,CCCCCCCCCCCCCCCCCCCHHHCCCCCCCEECCCCEEEEEECCCCEEEEEECCHHHHHCCCCCCCCEHHHCCECHHHHHHHHCCCCCCCCCEEEEEEECCCCEEEEEEEECCCCCCEEEEEEECCCCCCCHHHHHHHHHHHHHCCCHHHHHHHHHHHHHHHHCCCEEEEEEECCCCCEEEEEEEECCCCCCCCCCEECHHHCCHHHHHHHHHCCEEEECCCCCCCEEEECCECCCCCCECCCCCCCCECCCHHHHHHHHHCCCCEEEEEEEEECCEEEEEEEEEECCCCCCCHHHHHHHHHHHHHHHHHHHHHHC
mNeonGreen,213,https://www.nature.com/articles/s41467-017-00494-8,236,MVSKGEEDNMASLPATHELHIFGSINGVDFDMVGQGTGNPNDGYEELNLKSTKGDLQFSPWILVPHIGYGFHQYLPYPDGMSPFQAAMVDGSGYQVHRTMQFEDGASLTVNYRYTYEGSHIKGEAQVKGTGFPADGPVMTNSLTAADWCRSKKTYPNDKTIISTFKWSYTTGNGKRYRSTARTTYTFAKPMAANYLKNQPMYVFRKTELKHSKTELNFKEWQKAFTDVMGMDELYK,CCCCCCHHHCCCCCCEEEEEEEEEECCEEEEEEEEEEEECCCCEEEEEEEECCCCCCCCHHHHHHHHCCCCHHHCCECCECCHHHHHHHCCCCEEEEEEEEECCCCEEEEEEEEEEECCEEEEEEEEEEECCCCCCCCCCCCEEEECCEEEEEEEEECCEEEEEEEEEEEECCCCEEEEEEEEEEEECCCCCHHHHHCCCEEEEEEEEEEECCCEEEEEEEEEEECCCCCHHHHHC
LanGFP,213,https://www.nature.com/articles/s41467-017-00494-8,228,MHHHHHHGSLLPATHELHIFGSINSLEFDLVGRGTGNPKEGYEELHLKSTKSALQFSPWILVPQIGYGFYQYLPFPDGAMSPFQAAMNDGSGYQVHRTMQFEDGATLTGIYRYTYEGTHIKGEFQVIGTGFPADGPVMTNSLTAADWCVTKIVYPNENTIIDKFDWTYTTTSGKRYQSNVRSNFTFAKPIAANILQKQPMFVFRKTELKHSKTELNFKEWQTAFSDVM,CCCCCCCCCCCCCEEEEEEEEEECCEEEEEEEEEEEECCCCEEEEEEEECCCCCCCCHHHHCCCCCCCCHHHCECHHHCECHHHHHHHCCCCEEEEEEEEECCCCEEEEEEEEEEECCEEEEEEEEEEECCCCCCCCCCCCEEEECCEEEEEEEEECCEEEEEEEEEEEECCCCEEEEEEEEEEEECCCCCHHHHCCCCEEEEEEEEEEECCCEEEEEEEEEEECCCC
mKusabira-Green,168,https://journals.aai.org/jimmunol/article/181/1/629/79521,218,MVSVIKPEMKMRYYMDGSVNGHEFTIEGEGTGRPYEGHQEMTLRVTMAEGGPMPFAFDLVSHVFAYGHRVFTKYPEEIPDYFKQAFPEGLSWERSLEFEDGGSASVSAHISLRGNTFYHKSKFTGVNFPADGPIMQNQSVDWEPSTEKITASDGVLKGDVTMYLKLEGGGNHKCQFKTTYKAAKEILEMPGDHYIGHRLVRKTEGNITELVEDAVAHS,CCCCCCCCEEEEEEEEEEECCEEEEEEEEEEEECCCCEEEEEEEEEECCCCCCCCCCHHHHHHHCCCCCCCCECCCCCCCHHHHCCCCCEEEEEEEEECCCCEEEEEEEEEEECCEEEEEEEEEEECCCCCCCCCCCCEEEECCEEEEEEEECCEEEEEEEEEEEECCCCEEEEEEEEEEEECCCCCCCCCCEEEEEEEEEEEECCEEEEEEEEEEEC
mKG2,169,https://www.sciencedirect.com/science/article/pii/S1389172310004172,218,MVSVIKPEMKMRYYMDGSVNGHEFTIEGEGTGRPYEGHQEMTLRVTMAEGGPMPFAFDLVSHVFCYGHRVFTKYPEEIPDYFKQAFPEGLSWERSLEFEDGGSASVSAHISLRGNTFYHKSKFTGVNFPADGPIMQNQSVDWEPSTEKITASDGVLKGDVTMYLKLEGGGNHKCQMKTTYKAAKEILEMPGDHYIGHRLVRKTEGNITEQVEDAVAHS,CCCCCCCCEEEEEEEEEEECCEEEEEEEEEEEECCCCEEEEEEEEEECCCCCCCCCCHHHHCCCCCCCCCCCECCCCCCCHHHHCCCCCEEEEEEEEECCCCEEEEEEEEEEECCEEEEEEEEEEECCCCCCCCCCCCEEEECCEEEEEEEECCEEEEEEEEEEEECCCCEEEEEEEEEEEECCCCCCCCCCEEEEEEEEEEEECCEEEEEEEEEEEC
Dronpa,"164
181","https://pmc.ncbi.nlm.nih.gov/articles/PMC4870019 
https://link.springer.com/article/10.1007/s11307-010-0312-2",224,MSVIKPDMKIKLRMEGAVNGHPFAIEGVGLGKPFEGKQSMDLKVKEGGPLPFAYDILTTVFCYGNRVFAKYPENIVDYFKQSFPEGYSWERSMNYEDGGICNATNDITLDGDCYIYEIRFDGVNFPANGPVMQKRTVKWEPSTEKLYVRDGVLKGDVNMALSLEGGGHYRCDFKTTYKAKKVVQLPDYHFVDHHIEIKSHDKDYSNVNLHEHAEAHSELPRQAK,CCCCCCCEEEEEEEEEEECCEEEEEEEEEEEECCCCEEEEEEEEEECCCCCCCCHHHHHHHCCCCHHHCECCCCCCCHHHHCCCCCEEEEEEEEECCCCEEEEEEEEEEECCEEEEEEEEEEECCCCCCCCCCCCEEEECCEEEEEEEECCEEEEEEEEEEEECCCCEEEEEEEEEEEECCCCCCCCCEEEEEEEEEEEECCCCCEEEEEEEEEEECCCCCCCC
UnaG,84,https://onlinelibrary.wiley.com/doi/10.1002/pro.2866,139,MVEKFVGTWKIADSHNFGEYLKAIGAPKELSDGGDATTPTLYISQKDGDKMTVKIENGPPTFLDTQVKFKLGEEFDEFPSDRRKGVKSVVNLVGEKLVYVQKWDGKETTYVREIKDGKLVVTLTMGDVVAVRSYRRATE,CCHHHCEEEEEEEEECHHHHHHHHCCCHHHHHCHHHCCCEEEEEEECCCEEEEEEECCCCCCCCEEEEEECCCCEEECCCCCCCCEEEEEEEECCEEEEEEEECCEEEEEEEEEECCEEEEEEEECCEEEEEEEEECCC
mCherry,159,https://www.sciencedirect.com/science/article/pii/S0006291X07027064?via%3Dihub,236,MVSKGEEDNMAIIKEFMRFKVHMEGSVNGHEFEIEGEGEGRPYEGTQTAKLKVTKGGPLPFAWDILSPQFMYGSKAYVKHPADIPDYLKLSFPEGFKWERVMNFEDGGVVTVTQDSSLQDGEFIYKVKLRGTNFPSDGPVMQKKTMGWEASSERMYPEDGALKGEIKQRLKLKDGGHYDAEVKTTYKAKKPVQLPGAYNVNIKLDITSHNEDYTIVEQYERAEGRHSTGGMDELYK,CCCHHHHHHHHHCCCCEEEEEEEEEEECCEEEEEEEEEEEECCCCEEEEEEEEEECCCCCCCHHHCHHHHCCCCHHHCECCCCCCCHHHHCCCCCEEEEEEEEECCCCEEEEEEEEEEECCEEEEEEEEEEECCCCCCCCCCCCEEEECCEEEEEEEECCEEEEEEEEEEEECCCCEEEEEEEEEEEECCCCCCCCCEEEEEEEEEEEECCCCCEEEEEEEEEEEECCCCCCCCCC
sfCherry,208,https://www.nature.com/articles/ncomms11046,225,EEDNNAIIKEFMRFKVHMEGSVNGHEFEIEGEGEGHPYEGTQTAKLKVTKGGPLPFAWDILSPQFMYGSKAYVKHPADIPDYLKLSFPEGFTWERVMNFEDGGVVTVTQDSSLQDGEFIYKVKLLGTNFPSDGPVMQKKTNGWEASTERMYPEDGALKGEINQRLKLKDGGHYDAEVKTTYKAKKPVQLPGAYNVDIKLDITSHNEDYTIVEQYERAEGRHSTGG,CCCHHHCCCCCEEEEEEEEEEECCEEEEEEEEEEEECCCCEEEEEEEEEECCCCCCCHHHCHHHHCCCCHHHCECCCCCCCHHHHCCCCCEEEEEEEEECCCCEEEEEEEEEEECCEEEEEEEEEEECCCCCCCCCCCCEEEECCEEEEEEEECCEEEEEEEEEEEECCCCEEEEEEEEEEEECCCCCCCCCEEEEEEEEEEEECCCCCEEEEEEEEEEEECCCC
FusionRed,188,https://link.springer.com/article/10.1134/S1068162016060054,232,MVSELIKENMPMKLYMEGTVNNHHFKCTSEGEGKPYEGTQTMRIKVVEGGPLPFAFDILATSFMYGSRTFIKHPPGIPDFFKQSFPEGFTWERVTTYEDGGVLTATQDTSLQDGCLIYNVKVRGVNFPANGPVMQKKTLGWEASTETMYPADGGLEGACDMALKLVGGGHLICNLETTYRSKKPATNLKMPGVYNVDHRLERIKEADDETYVEQHEVAVARYSTGGAGDGGK,CHHHHCCCCEEEEEEEEEEECCEEEEEEEEEEEECCCCEEEEEEEEEECCCCCCCCHHHHHHHCCCCCCCCECCCCCCCHHHHCCCCCEEEEEEEEECCCCEEEEEEEEEEECCEEEEEEEEEEECCCCCCCCCCCCEEEECCEEEEEEEECCEEEEEEEEEEEECCCCEEEEEEEEEEEECCCHHHCCCCCCEEEEEEEEEEEEECCCCEEEEEEEEEEECCCCCCCCCCC