Protein,Sequence,DSSP
GFP,MSKGEELFTGVVPILVELDGDVNGHKFSVSGEGEGDATYGKLTLKFICTTGKLPVPWPTLVTTFSYGVQCFSRYPDHMKQHDFFKSAMPEGYVQERTIFFKDDGNYKTRAEVKFEGDTLVNRIELKGIDFKEDGNILGHKLEYNYNSHNVYIMADKQKNGIKVNFKIRHNIEDGSVQLADHYQQNTPIGDGPVLLPDNHYLSTQSALSKDPNEKRDHMVLLEFVTAAGITHGMDELYK,CCCCHHHHCCEEEEEEEEEEEECCEEEEEEEEEEEECCCCEEEEEEEECCCCCCCCHHHHHHHHHHHCHHHCECCHHHHHHCHHHHCCCCCEEEEEEEEECCCCEEEEEEEEEEECCEEEEEEEEEEECCCCCCCCCCCCECCCCCCEEEEEEEEHHHCEEEEEEEEEEEECCCCEEEEEEEEEEEECCCCCCCCCCCEEEEEEEEEECCCCCCCCEEEEEEEEEEECCCCCHHHHCC
"sCFP1,2",MVSKGEELFTGVVPILVELDGDVNGHKFSVSGEGEGDATYGKLTLKFICTTGKLPVPWPTLVTTLTWGVQCFARYPDHMKQHDFFKSAMPEGYVQERTIFFKDDGNYKTRAEVKFEGDTLVNRIELKGIDFKEDGNILGHKLEYNYISHNVYITADKQKNGIKANFKIRHNIEDGGVQLADHYQQNTPIGDGPVLLPDNHYLSTQSKLSKDPNEKRDHMVLLEFVTAAGITLGMDELYK,CCCHHHHHHCCEEEEEEEEEEEECCEEEEEEEEEEEECCCCEEEEEEEECCCCCCCCHHHHHHHHCCCCHHHCECCHHHHHHCHHHHCCCCCEEEEEEEEECCCCEEEEEEEEEEECCEEEEEEEEEEECCCCCCCCCCCCECCCCCCEEEEEEEEHHHCEEEEEEEEEEEECCCCEEEEEEEEEEEECCCCCCCCCCCEEEEEEEEEECCCCCCCCEEEEEEEEEEECCCCCHHHCCC
Cerulean,MVSKGEELFTGVVPILVELDGDVNGHKFSVSGEGEGDATYGKLTLKFICTTGKLPVPWPTLVTTLTWGVQCFARYPDHMKQHDFFKSAMPEGYVQERTIFFKDDGNYKTRAEVKFEGDTLVNRIELKGIDFKEDGNILGHKLEYNAISDNVYITADKQKNGIKANFKIRHNIEDGSVQLADHYQQNTPIGDGPVLLPDNHYLSTQSALSKDPNEKRDHMVLLEFVTAAGITLGMDELYK,CCCHHHHHHCCEEEEEEEEEEEECCEEEEEEEEEEEECCCCEEEEEEEECCCCCCCCHHHHHHHHCCCCHHHCECCHHHHHHCHHHHCCCCCEEEEEEEEECCCCEEEEEEEEEEECCEEEEEEEEEEECCCCCCCCCCCCECCCCEEEEEEEEEEHHHCEEEEEEEEEEEECCCCEEEEEEEEEEEECCCCCCCCCCCEEEEEEEEEECCCCCCCCEEEEEEEEEEECCCCCHHHCCC
ECFP,MVSKGEELFTGVVPILVELDGDVNGHKFSVSGEGEGDATYGKLTLKFICTTGKLPVPWPTLVTTLTWGVQCFSRYPDHMKQHDFFKSAMPEGYVQERTIFFKDDGNYKTRAEVKFEGDTLVNRIELKGIDFKEDGNILGHKLEYNYISHNVYITADKQKNGIKANFKIRHNIEDGSVQLADHYQQNTPIGDGPVLLPDNHYLSTQSALSKDPNEKRDHMVLLEFVTAAGITLGMDELYK,CCCCCHHHHCCEEEEEEEEEEEECCEEEEEEEEEEEECCCCEEEEEEEECCCCCCCCHHHHHHHHCCCCHHHCECCHHHHHHCHHHHCCCCCEEEEEEEEECCCCEEEEEEEEEEECCEEEEEEEEEEECCCCCCCCCCCCECCCCCCEEEEEEEEHHHCEEEEEEEEEEEECCCCEEEEEEEEEEEECCCCCCCCCCCEEEEEEEEEECCCCCCCCEEEEEEEEEEECCCCCHHHCCC
EBFP,MSKGEELFTGVVPILVELDGDVNGHKFSVSGEGEGDATYGKLTLKFICTTGKLPVPWPTLVTTFSHGVQCFSRYPDHMKRHDFFKSAMPEGYVQERTIFFKDDGNYKTRAEVKFEGDTLVNRIELKGIDFKEDGNILGHKLEYNFNSHNVYIMADKQKNGIKVNFKIRHNIEDGSVQLADHYQQNTPIGDGPVLLPDNHYLSTQSALSKDPNEKRDHMVLLEFVTAAGITHGMDELYK,CCHHHHHHCCEEEEEEEEEEEECCEEEEEEEEEEEECCCCEEEEEEEECCCCCCCCHHHHHHHHCCCCHHHCECCHHHHHHCHHHHCCCCCEEEEEEEEECCCCEEEEEEEEEEECCEEEEEEEEEEECCCCCCCCCCCCECCCCCCEEEEEEEEHHHCEEEEEEEEEEEECCCCEEEEEEEEEEEECCCCCCCCCCCEEEEEEEEEECCCCCCCCEEEEEEEEEEECCCCCHHHCCC
EYFP,MVSKGEELFTGVVPILVELDGDVNGHKFSVSGEGEGDATYGKLTLKFICTTGKLPVPWPTLVTTFGYGLQCFARYPDHMKQHDFFKSAMPEGYVQERTIFFKDDGNYKTRAEVKFEGDTLVNRIELKGIDFKEDGNILGHKLEYNYNSHNVYIMADKQKNGIKVNFKIRHNIEDGSVQLADHYQQNTPIGDGPVLLPDNHYLSYQSALSKDPNEKRDHMVLLEFVTAAGITLGMDELYK,CCCCCHHHHCCEEEEEEEEEEEECCEEEEEEEEEEEECCCCEEEEEEEECCCCCCCCHHHHHHHHHHHCHHHCECCHHHHHHCHHHHCCCCCEEEEEEEEECCCCEEEEEEEEEEECCEEEEEEEEEEECCCCCCCCCCCCECCCCCCEEEEEEEEHHHCEEEEEEEEEEEECCCCEEEEEEEEEEEECCCCCCCCCCCEEEEEEEEEECCCCCCCCEEEEEEEEEEECCCCCHHHCCC
miRFP670,MVAGHASGSPAFGTASHSNCEHEEIHLAGSIQPHGALLVVSEHDHRVIQASANAAEFLNLGSVLGVPLAEIDGDLLIKILPHLDPTAEGMPVAVRCRIGNPSTEYCGLMHRPPEGGLIIELERAGPSIDLSGTLAPALERIRTAGSLRALCDDTVLLFQQCTGYDRVMVYRFDEQGHGLVFSECHVPGLESYFGNRYPSSTVPQMARQLYVRQRVRVLVDVTYQPVPLEPRLSPLTGR DLDMSGCFLRSMSPCHLQFLKDMGVRATLAVSLVVGGKLWGLVVCHHYLPRFIRFELRAICKRLAERIATRITALES,CCCCCCCCCCCCCCCCCCCHHHCCCCCCCEECCCCEEEEECCCCCEEEEEECCHHHHHCCCCCCCCEHHHCCECHHHHHHHHCCCCCCCCCEEEEEEECCCCEEEEEEEECCCCCCEEEEEEECCCCCCCHHHHHHHHHHHHHCCCHHHHHHHHHHHHHHHHCCCEEEEEEECCCCCEEEEEEEECCCCCCCCCCEECHHHCCHHHHHHHHHCCEEEECCCCCCCEEEECCECCCCCCECCCCCCCCECCCHHHHHHHHHCCCCEEEEEEEEECCEEEEEEEEEECCCCCCCHHHHHHHHHHHHHHHHHHHHHHC
miRFP709,MVAGHASGSPAFGTASHSNCEHEEIHLAGSIQPHGALLVVSEHDHRVIQASANAAEFLNLGSVLGVPLAEIDGDLLIKILPHLDPTAEGMPVAVRCRIGNPSTEYCGLMHRPPEGGLIIELERAGPSIDLSGTLAPALERIRTAGSLRALCDDTVLLFQQCTGYDRVMVYRFDEQGHGLVFSECHVPGLESYFGNRYPSSFIPQMARQLYVRQRVRVLVDVTYQPVPLEPRLSPLTGRDLDMSGCFLRSMSPIHLQFLKDMGVRATLAVSLVVGGKLWGLVVCHHYLPRFIRFELRAICKRLAERIATRITALES,CCCCCCCCCCCCCCCCCCCHHHCCCCCCCEECCCCEEEEEECCCCEEEEEECCHHHHHCCCCCCCCEHHHCCECHHHHHHHHCCCCCCCCCEEEEEEECCCCEEEEEEEECCCCCCEEEEEEECCCCCCCHHHHHHHHHHHHHCCCHHHHHHHHHHHHHHHHCCCEEEEEEECCCCCEEEEEEEECCCCCCCCCCEECHHHCCHHHHHHHHHCCEEEECCCCCCCEEEECCECCCCCCECCCCCCCCECCCHHHHHHHHHCCCCEEEEEEEEECCEEEEEEEEEECCCCCCCHHHHHHHHHHHHHHHHHHHHHHC
mNeonGreen,MVSKGEEDNMASLPATHELHIFGSINGVDFDMVGQGTGNPNDGYEELNLKSTKGDLQFSPWILVPHIGYGFHQYLPYPDGMSPFQAAMVDGSGYQVHRTMQFEDGASLTVNYRYTYEGSHIKGEAQVKGTGFPADGPVMTNSLTAADWCRSKKTYPNDKTIISTFKWSYTTGNGKRYRSTARTTYTFAKPMAANYLKNQPMYVFRKTELKHSKTELNFKEWQKAFTDVMGMDELYK,CCCCCCHHHCCCCCCEEEEEEEEEECCEEEEEEEEEEEECCCCEEEEEEEECCCCCCCCHHHHHHHHCCCCHHHCCECCECCHHHHHHHCCCCEEEEEEEEECCCCEEEEEEEEEEECCEEEEEEEEEEECCCCCCCCCCCCEEEECCEEEEEEEEECCEEEEEEEEEEEECCCCEEEEEEEEEEEECCCCCHHHHHCCCEEEEEEEEEEECCCEEEEEEEEEEECCCCCHHHHHC
LanGFP,MHHHHHHGSLLPATHELHIFGSINSLEFDLVGRGTGNPKEGYEELHLKSTKSALQFSPWILVPQIGYGFYQYLPFPDGAMSPFQAAMNDGSGYQVHRTMQFEDGATLTGIYRYTYEGTHIKGEFQVIGTGFPADGPVMTNSLTAADWCVTKIVYPNENTIIDKFDWTYTTTSGKRYQSNVRSNFTFAKPIAANILQKQPMFVFRKTELKHSKTELNFKEWQTAFSDVM,CCCCCCCCCCCCCEEEEEEEEEECCEEEEEEEEEEEECCCCEEEEEEEECCCCCCCCHHHHCCCCCCCCHHHCECHHHCECHHHHHHHCCCCEEEEEEEEECCCCEEEEEEEEEEECCEEEEEEEEEEECCCCCCCCCCCCEEEECCEEEEEEEEECCEEEEEEEEEEEECCCCEEEEEEEEEEEECCCCCHHHHCCCCEEEEEEEEEEECCCEEEEEEEEEEECCCC
mKusabira-Green,MVSVIKPEMKMRYYMDGSVNGHEFTIEGEGTGRPYEGHQEMTLRVTMAEGGPMPFAFDLVSHVFAYGHRVFTKYPEEIPDYFKQAFPEGLSWERSLEFEDGGSASVSAHISLRGNTFYHKSKFTGVNFPADGPIMQNQSVDWEPSTEKITASDGVLKGDVTMYLKLEGGGNHKCQFKTTYKAAKEILEMPGDHYIGHRLVRKTEGNITELVEDAVAHS,CCCCCCCCEEEEEEEEEEECCEEEEEEEEEEEECCCCEEEEEEEEEECCCCCCCCCCHHHHHHHCCCCCCCCECCCCCCCHHHHCCCCCEEEEEEEEECCCCEEEEEEEEEEECCEEEEEEEEEEECCCCCCCCCCCCEEEECCEEEEEEEECCEEEEEEEEEEEECCCCEEEEEEEEEEEECCCCCCCCCCEEEEEEEEEEEECCEEEEEEEEEEEC
mKG2,MVSVIKPEMKMRYYMDGSVNGHEFTIEGEGTGRPYEGHQEMTLRVTMAEGGPMPFAFDLVSHVFCYGHRVFTKYPEEIPDYFKQAFPEGLSWERSLEFEDGGSASVSAHISLRGNTFYHKSKFTGVNFPADGPIMQNQSVDWEPSTEKITASDGVLKGDVTMYLKLEGGGNHKCQMKTTYKAAKEILEMPGDHYIGHRLVRKTEGNITEQVEDAVAHS,CCCCCCCCEEEEEEEEEEECCEEEEEEEEEEEECCCCEEEEEEEEEECCCCCCCCCCHHHHCCCCCCCCCCCECCCCCCCHHHHCCCCCEEEEEEEEECCCCEEEEEEEEEEECCEEEEEEEEEEECCCCCCCCCCCCEEEECCEEEEEEEECCEEEEEEEEEEEECCCCEEEEEEEEEEEECCCCCCCCCCEEEEEEEEEEEECCEEEEEEEEEEEC
Dronpa,MSVIKPDMKIKLRMEGAVNGHPFAIEGVGLGKPFEGKQSMDLKVKEGGPLPFAYDILTTVFCYGNRVFAKYPENIVDYFKQSFPEGYSWERSMNYEDGGICNATNDITLDGDCYIYEIRFDGVNFPANGPVMQKRTVKWEPSTEKLYVRDGVLKGDVNMALSLEGGGHYRCDFKTTYKAKKVVQLPDYHFVDHHIEIKSHDKDYSNVNLHEHAEAHSELPRQAK,CCCCCCCEEEEEEEEEEECCEEEEEEEEEEEECCCCEEEEEEEEEECCCCCCCCHHHHHHHCCCCHHHCECCCCCCCHHHHCCCCCEEEEEEEEECCCCEEEEEEEEEEECCEEEEEEEEEEECCCCCCCCCCCCEEEECCEEEEEEEECCEEEEEEEEEEEECCCCEEEEEEEEEEEECCCCCCCCCEEEEEEEEEEEECCCCCEEEEEEEEEEECCCCCCCC
UnaG,MVEKFVGTWKIADSHNFGEYLKAIGAPKELSDGGDATTPTLYISQKDGDKMTVKIENGPPTFLDTQVKFKLGEEFDEFPSDRRKGVKSVVNLVGEKLVYVQKWDGKETTYVREIKDGKLVVTLTMGDVVAVRSYRRATE,CCHHHCEEEEEEEEECHHHHHHHHCCCHHHHHCHHHCCCEEEEEEECCCEEEEEEECCCCCCCCEEEEEECCCCEEECCCCCCCCEEEEEEEECCEEEEEEEECCEEEEEEEEEECCEEEEEEEECCEEEEEEEEECCC
mCherry,MVSKGEEDNMAIIKEFMRFKVHMEGSVNGHEFEIEGEGEGRPYEGTQTAKLKVTKGGPLPFAWDILSPQFMYGSKAYVKHPADIPDYLKLSFPEGFKWERVMNFEDGGVVTVTQDSSLQDGEFIYKVKLRGTNFPSDGPVMQKKTMGWEASSERMYPEDGALKGEIKQRLKLKDGGHYDAEVKTTYKAKKPVQLPGAYNVNIKLDITSHNEDYTIVEQYERAEGRHSTGGMDELYK,CCCHHHHHHHHHCCCCEEEEEEEEEEECCEEEEEEEEEEEECCCCEEEEEEEEEECCCCCCCHHHCHHHHCCCCHHHCECCCCCCCHHHHCCCCCEEEEEEEEECCCCEEEEEEEEEEECCEEEEEEEEEEECCCCCCCCCCCCEEEECCEEEEEEEECCEEEEEEEEEEEECCCCEEEEEEEEEEEECCCCCCCCCEEEEEEEEEEEECCCCCEEEEEEEEEEEECCCCCCCCCC
sfCherry,EEDNNAIIKEFMRFKVHMEGSVNGHEFEIEGEGEGHPYEGTQTAKLKVTKGGPLPFAWDILSPQFMYGSKAYVKHPADIPDYLKLSFPEGFTWERVMNFEDGGVVTVTQDSSLQDGEFIYKVKLLGTNFPSDGPVMQKKTNGWEASTERMYPEDGALKGEINQRLKLKDGGHYDAEVKTTYKAKKPVQLPGAYNVDIKLDITSHNEDYTIVEQYERAEGRHSTGG,CCCHHHCCCCCEEEEEEEEEEECCEEEEEEEEEEEECCCCEEEEEEEEEECCCCCCCHHHCHHHHCCCCHHHCECCCCCCCHHHHCCCCCEEEEEEEEECCCCEEEEEEEEEEECCEEEEEEEEEEECCCCCCCCCCCCEEEECCEEEEEEEECCEEEEEEEEEEEECCCCEEEEEEEEEEEECCCCCCCCCEEEEEEEEEEEECCCCCEEEEEEEEEEEECCCC
FusionRed,MVSELIKENMPMKLYMEGTVNNHHFKCTSEGEGKPYEGTQTMRIKVVEGGPLPFAFDILATSFMYGSRTFIKHPPGIPDFFKQSFPEGFTWERVTTYEDGGVLTATQDTSLQDGCLIYNVKVRGVNFPANGPVMQKKTLGWEASTETMYPADGGLEGACDMALKLVGGGHLICNLETTYRSKKPATNLKMPGVYNVDHRLERIKEADDETYVEQHEVAVARYSTGGAGDGGK,CHHHHCCCCEEEEEEEEEEECCEEEEEEEEEEEECCCCEEEEEEEEEECCCCCCCCHHHHHHHCCCCCCCCECCCCCCCHHHHCCCCCEEEEEEEEECCCCEEEEEEEEEEECCEEEEEEEEEEECCCCCCCCCCCCEEEECCEEEEEEEECCEEEEEEEEEEEECCCCEEEEEEEEEEEECCCHHHCCCCCCEEEEEEEEEEEEECCCCEEEEEEEEEEECCCCCCCCCCC
RfxCas13d,MIEKKKSFAKGMGVKSTLVSGSKVYMTTFAEGSDARLEKIVEGDSIRSVNEGEAFSAEMADKNAGYKIGNAKFSHPKGYAVVANNPLYTGPVQQDMLGLKETLEKRYFGESADGNDNICIQVIHNILDIEKILAEYITNAAYAVNNISGLDKDIIGFGKFSTVYTYDEFKDPEHHRAAFNNNDKLINAIKAQYDEFDNFLDNPRLGYFGQAFFSKEGRNYIINYGNECYDILALLSGLRHWVVHNNEEESRISRTWLYNLDKNLDNEYISTLNYLYDRITNELTNSFSKNSAANVNYIAETLGINPAEFAEQYFRFSIMKEQKNLGFNITKLREVMLDRKDMSEIRKNHKVFDSIRTKVYTMMDFVIYRYYIEEDAKVAAANKSLPDNEKSLSEKDIFVINLRGSFNDDQKDALYYDEANRIWRKLENIMHNIKEFRGNKTREYKKKDAPRLPRILPAGRDVSAFSKLMYALTMFLDGKEINDLLTTLINKFDNIQSFLKVMPLIGVNAKFVEEYAFFKDSAKIADELRLIKSFARMGEPIADARRAMYIDAIRILGTNLSYDELKALADTFSLDENGNKLKKGKHGMRNFIINNVISNKRFHYLIRYGDPAHLHEIAKNEAVVKFVLGRIADIQKKQGQNGKNQIDRYYETCIGKDKGKSVSEKVDALTKIITGMNYDQFDKKRSVIEDTGRENAEREKFKKIISLYLTVIYHILKNIVNINARYVIGFHCVERDAQLYKEKGYDINLKKLEEKGFSSVTKLCAGIDETAPDKRKDVEKEMAERAKESIDSLESANPKLYANYIKYSDEKKAEEFTRQINREKAKTALNAYLRNTKWNVIIREDLLRIDNKTCTLFRNKAVHLEVARYVHAYINDIAEVNSYFQLYHYIMQRIIMNERYEKSSGKVSEYFDAVNDEKKYNDRLLKLLCVPFGYCIPRFKNLSIEALFDRNEAAKFDKEKKKVSGNS,CCCCCCCHHHHCCEEEEEEECCEEEEEEECCCCCEEEEEEEECCEEEECCCCCCCEEEECHHHCEEEEECCCCCCCCCCCEEEECCCCCCCCCCCCCCCHHHHHHHHHHHHCCCCECCHHHHHHHHHHHHHHHHHHHHHHHHHHHHHHCCCCCCCCCCCCCCCCCHHHHHCCCCCHHHHCCCHHHHHHHHHHHHHHHHHHCCCCHHHHHHHCEEEECCEEEECCHHHHHHHHHHHHHHHHHHHCCCCCCCCCCCCHHHHHHHHCCHHHHHHHHHHHHHHHHHHHHHHHHHHHHHHHHHHHHHCCCHHHCHHHHHHHHHHCHHHHCCCCHHHHHHHHCCCCCCCHHHHCHHHHCCCHHHHHHHHHHHHHHHHHHHHHHHHHHHCCCCHHHCCCCHHHHHHHHHHHCCCHHHHHHHHHHHHHHHHHHHHHHHHHHHCCCHHHHHHHCCCCCCCCCCCCCCHHHCCHHHHHHHHHHCCCCHHHHHHHHHHHHHHHHHHHHHHHHHHHHCCCCCCCHHHHHHHHHHHHHHHHHHHHHHCCCCCCCCCCCHHHHHHHHHHCCCCCCHHHHHHHHHCCCECCCCCECCCCCCHHHHHHHHHHHCCHHHHHHHHHCCCCCHHHHHCCHHHHHHHHHHHHHHHHHHCCCCCCHHHHHHHHHCCCCCCCCHHHHHHHHHHHHHCCCCHHHHCCHHHHHCCCCCCHHHHHHHHHHHHHHHHHHHHHHHHHHHHHHHHHHHHHHHHHHHHHHHCCCCCCCCCHHHHCCCHHHHHHCCCCCCCHHHHHHHHHHHHHHHHHHHHCHHHHCHHHHHHHCCCCHHHHHHHHHHHHHHHHHHCCCCCCCCCHHHHHHHHHHHHHCCHHHHHHHHHHHHCCHHHHHHHHHCCCCCCCCCHHHHHHHHHHHHHHHHHHHHCCHHHHHHHHHHHHHCCCCHHHHHHHCHHHCCCHHHHHHHHCHHHHCCCCHHHHHHHHHHHHCCC
LbCas12a,MSKLEKFTNCYSLSKTLRFKAIPVGKTQENIDNKRLLVEDEKRAEDYKGVKKLLDRYYLSFINDVLHSIKLKNLNNYISLFRKKTRTEKENKELENLEINLRKEIAKAFKGNEGYKSLFKKDIIETILPEFLDDKDEIALVNSFNGFTTAFTGFFDNRENMFSEEAKSTSIAFRCINENLTRYISNMDIFEKVDAIFDKHEVQEIKEKILNSDYDVEDFFEGEFFNFVLTQEGIDVYNAIIGGFVTESGEKIKGLNEYINLYNQKTKQKLPKFKPLYKQVLSDRESLSFYGEGYTSDEEVLEVFRNTLNKNSEIFSSIKKLEKLFKNFDEYSSAGIFVKNGPAISTISKDIFGEWNVIRDKWNAEYDDIHLKKKAVVTEKYEDDRRKSFKKIGSFSLEQLQEYADADLSVVEKLKEIIIQKVDEIYKVYGSSEKLFDADFVLEKSLKKNDAVVAIMKDLLDSVKSFENYIKAFFGEGKETNRDESFYGDFVLAYDILLKVDHIYDAIRNYVTQKPYSKDKFKLYFQNPQFMGGWDKDKETDYRATILRYGSKYYLAIMDKKYAKCLQKIDKDDVNGNYEKINYKLLPGPNKMLPKVFFSKKWMAYYNPSEDIQKIYKNGTFKKGDMFNLNDCHKLIDFFKDSISRYPKWSNAYDFNFSETEKYKDIAGFYREVEEQGYKVSFESASKKEVDKLVEEGKLYMFQIYNKDFSDKSHGTPNLHTMYFKLLFDENNHGQIRLSGGAELFMRRASLKKEELVVHPANSPIANKNPDNPKKTTTLSYDVYKDKRFSEDQYELHIPIAINKCPKNIFKINTEVRVLLKHDDNPYVIGIDRGERNLLYIVVVDGKGNIVEQYSLNEIINNFNGIRIKTDYHSLLDKKEKERFEARQNWTSIENIKELKAGYISQVVHKICELVEKYDAVIALEDLNSGFKNSRVKVEKQVYQKFEKMLIDKLNYMVDKKSNPCATGGALKGYQITNKFESFKSMSTQNGFIFYIPAWLTSKIDPSTGFVNLLKTKYTSIADSKKFISSFDRIMYVPEEDLFEFALDYKNFSRTDADYIKKWKLYSYGNRIRIFRNPKKNNVFDWEEVCLTSAYKELFNKYGINYQQGDIRALLCEQSDKAFYSSFMALMSLMLQMRNSITGRTDVDFLISPVKNSDGIFYDSRNYEAQENAILPKNADANGAYNIARKVLWAIGQFKKAEDEKLDKVKIAISNKEWLEYAQTSVKH,CCHHHHCECCCCEEEEEEEEEEECCCHHHHHHHCCCCHHHHHHHHHHHHHHHHHHHHHHHHHHHHHHCCCCCCHHHHHHHHCCCCCCHHHHHHHHHHHHHHHHHHHHHHHHCHHHHHCCCCHHHHHHHHHHCCCHHHHHHHHCCCCCHHHHHHHHHHHHHHHCCCCCCCCHHHHHHHHHHHHHHHHHHHHHHHHHHCCHHHHHHHHHHCCCCCCCCHHHHCHHHHHHHHCHHHHHHHHHHHHCEECCCCCEECCHHHHHHHHHHHHCCCCCCCCCCCCCCCCHHHHHHHHCCCCCCHHHHHHHHHHHHCCCCHHHHHHHHHHHHHHCHHHCCHHHCEEECCHHHHHHHHHHHCCCCHHHHHHHHHHHHHHCCCCCCCCHHHHHHHHHHHHHCCEEEHHHHHHCCCCCCCHHHHHHHHHHHHHHHHHHHHHHHHHHHCCCCCCCCCHHHCHHHHHHHHHHHHHHHHHHHHHHHHHCCCCCCCCCHHHHHHHHHHHHHHCCHHHHHHHHHHHHCCCCCCCCCEEECCCCCCCCCCCEHHHHHHHCEEEEEECCEEEEEEECHHHCCCCCCCCCCCCCCEEEEEEEEECCCHHHHHHHHHCCHHHHHHHCCCHHHHHHHHHCCCCCCCCCCHHHHHHHHHHHHHHHHHCHHHHCCCCCCCCCHHHCCCHHHHHHHHHHHCEEEEEEEEEHHHHHHHHHCCCEEEEEEECHHHCCCCCCCCCHHHHHHHHCCCCCCCCCEEECCCCEEEEECCCCCHHHCCEECCCCEEECCCCCCCCCEEECCCCEECCHHHCCCEEEEEEEEEECCCCCCCCCHHHHHHHHHHHCCCCCEEEEECCCCCCCEEEEECCCCCEEEEEECCEEEEEECCEEEEEEHHHHHHHHHHHHHHCCCCHHHHHHHHHHHHHHHHHHHHHHHHHHHHHCCEEEEECCCCCCCCCCCCCCHHHHHHHHHHHHHHHCCECCCCCCCCCCCCCCCCECCCCCCCCCCCCCCEECCEEEECCCCCCCCCCCCCCCCCCCCCCCCHHHHHHHHHCCCEEEEECCCCEEEEEEEHHHCCCCCCCCCCEEEEECCCEEEEEEEEHHHCCEEEEEEEEHHHHHHHHHHHCCCCCCCCCCHHHHHCCCCHHHHHHHHHHHHHHHCCEEECCCCCCCEEEEEEEECCCCCEEECHHHHCCCCCCCCCCHHHHHHHHHHHHHHHHHHHHHHCCHHHHHHCCCCCCHHHHHHHHHHCCCC
SpCas9,GSGHMDKKYSIGLAIGTNSVGWAVITDEYKVPSKKFKVLGNTDRHSIKKNLIGALLFDSGETAEATRLKRTARRRYTRRKNRILYLQEIFSNEMAKVDDSFFHRLEESFLVEEDKKHERHPIFGNIVDEVAYHEKYPTIYHLRKKLVDSTDKADLRLIYLALAHMIKFRGHFLIEGDLNPDNSDVDKLFIQLVQTYNQLFEENPINASGVDAKAILSARLSKSRRLENLIAQLPGEKKNGLFGNLIALSLGLTPNFKSNFDLAEDAKLQLSKDTYDDDLDNLLAQIGDQYADLFLAAKNLSDAILLSDILRVNTEITKAPLSASMIKRYDEHHQDLTLLKALVRQQLPEKYKEIFFDQSKNGYAGYIDGGASQEEFYKFIKPILEKMDGTEELLVKLNREDLLRKQRTFDNGSIPHQIHLGELHAILRRQEDFYPFLKDNREKIEKILTFRIPYYVGPLARGNSRFAWMTRKSEETITPWNFEEVVDKGASAQSFIERMTNFDKNLPNEKVLPKHSLLYEYFTVYNELTKVKYVTEGMRKPAFLSGEQKKAIVDLLFKTNRKVTVKQLKEDYFKKIEEFDSVEISGVEDRFNASLGTYHDLLKIIKDKDFLDNEENEDILEDIVLTLTLFEDREMIEERLKTYAHLFDDKVMKQLKRRRYTGWGRLSRKLINGIRDKQSGKTILDFLKSDGFANRNFMQLIHDDSLTFKEDIQKAQVSGQGDSLHEHIANLAGSPAIKKGILQTVKVVDELVKVMGRHKPENIVIEMARENQTTQKGQKNSRERMKRIEEGIKELGSQILKEHPVENTQLQNEKLYLYYLQNGRDMYVDQELDINRLSDYDVDAIVPQSFLKDDSIDNKVLTRSDKNRGKSDNVPSEEVVKKMKNYWRQLLNAKLITQRKFDNLTKAERGGLSELDKAGFIKRQLVETRQITKHVAQILDSRMNTKYDENDKLIREVKVITLKSKLVSDFRKDFQFYKVREINNYHHAHDAYLNAVVGTALIKKYPKLESEFVYGDYKVYDVRKMIAKSEQEIGKATAKYFFYSNIMNFFKTEITLANGEIRKRPLIETNGETGEIVWDKGRDFATVRKVLSMPQVNIVKKTEVQTGGFSKESILPKRNSDKLIARKKDWDPKKYGGFDSPTVAYSVLVVAKVEKGKSKKLKSVKELLGITIMERSSFEKNPIDFLEAKGYKEVKKDLIIKLPKYSLFELENGRKRMLASAGELQKGNELALPSKYVNFLYLASHYEKLKGSPEDNEQKQLFVEQHKHYLDEIIEQISEFSKRVILADANLDKVLSAYNKHRDKPIREQAENIIHLFTLTNLGAPAAFKYFDTTIDRKRYTSTKEVLDATLIHQSITGLYETRIDLSQLGGD,CCCCCCCCCEEEEEECCCEEEEEEECCCCCCCEEEEEEEECCCCCEEEEECEEEEECCCCCCCHHHHHHHHHHHHHHHHHHHHHHHHHHHHHHHHHHCCCHHHHHHHHHCCHHHCCCCCCCCCCCHHHHHHHHHHCCCHHHHHHHHHHCCCCCCHHHHHHHHHHHHHCCCECCCCCCCCHHHHCHHHHHHHHHHHHHHHCCCCCCCCCCCCHHHHHCCCCCHHHHHHHHHHCCCCCCCCCHHHHHHHHHCCCCCECCCCCCCCCCCECCCCCCCHHHHHHHHHHHHCHHHHHHHHHHHHHHHHHHHHHHCCCCCCCCCCHHHHHHHHHHHHHHHHHHHHHHHHHHHCHHHHHHHHCCCCCCCHHHHHCCCCCHHHHHHHHHHHHCCCCCCHHHHHHHHCCCCCCCCCCHHHHHCEHHHHHHHHHHHHHHHCCCCHHHHHHHHHHHHHHHCCCCCCCCCCCCCCCCCCCCEECCCCCCCCCCHHHHEEHHHHHHHHHHHHCCECCCCCCCEEEECCCHHHHHHHHHHHHCCCEEEECCCCCCEECCHHHHHHHHHHHHCCCCCCEHHHHHHHHHHCCCCCCCEEEECCCCECCCCCHHHHHHHHHHCCHHHHHCHHHHHHHHHHHHHHHHCCCHHHHHHHHHHHCCCCCHHHHHHHCCCCCCCEEEEEHHHHHCCECCCCCCEHHHHHHCCCCCCCCHHHHCCCCCCCHHHHHHHHCCCCCCCCHHHHHHHCCCCHHHHHHHHHHHHHHHHHHHHCCCCCCCEEEEEECCCCCCHHHHHHHHHHHHHHHHHHHHHHCCCHHHHCCCCCCHHHCHHHHHHHHCCCECCCCCCECCHHHCCCCEEEECCCCCCCCCCCHHHEEEECCHHHHCCCCCCCCHHHHHHHHHHHHHHHHCCCCCHHHHHHHCHHHHCCCCHHHHHHHHHHHHCCCCHHHHHHHHHHHHHHCCEECCCCCEECCCEEEECCHHHHHHHHHHCCCCCCCCCCCHHHHHHHHHHHHHHHHHHHHCHHHHHHHECCCCCCCCHHHHECCCHHHCCCCCCCCECCCCCCHHHCCEEECCCCCEEECCCEEECCCCCCEEEECCHHHHHHHHHHCCCCCEEEECCECCCCCCECCCCECCCCCCCCEECCCCCCHHHHCEECCECEEEEEEEEEEEEECCCCEEEEEEEEEEEECCCHHHHHHCHHHHHHHCCEECCCHHHCEEECECCEEECHHHCEEEEEECCEEEECCCCCCCHHHHHHHHHHHCCCCCCCCHHHHHHHHHHHHHCCCHHHHHHHHHHHHHHHHHCCHHHHHHHHHHHHHCCCCCHHHHHHHHHHHHHHHCCECCCCEEECCEEECCCCECCCHHHHHCEEEEECCCCCCEEEEEHHHCCCC
