Protein,Sequence,Secondary
GFP,MSKGEELFTGVVPILVELDGDVNGHKFSVSGEGEGDATYGKLTLKFICTTGKLPVPWPTLVTTFSYGVQCFSRYPDHMKQHDFFKSAMPEGYVQERTIFFKDDGNYKTRAEVKFEGDTLVNRIELKGIDFKEDGNILGHKLEYNYNSHNVYIMADKQKNGIKVNFKIRHNIEDGSVQLADHYQQNTPIGDGPVLLPDNHYLSTQSALSKDPNEKRDHMVLLEFVTAAGITHGMDELYK,CCCCHHHCCCCCEEEEEEEEEECCEEEEEEEEEEECCCCEEEEEEEEEECCCCCCCHHHHHHHCCCCCEECCCCCCCCCCCCHHHHHCCCCCEEEEEEEEECCCEEEEEEEEEEECCEEEEEEEEEEECCCCCCCCCCCCCCCCCCCCCEEEEECCCCCCEEEEEEEEEECCCCCEEEEEEECCCCCCCCCCCCCCCCEEEEEEEEECCCCCCCCCCEEEEEEHHHCCCCCCCCCCCC
"sCFP1,2",MVSKGEELFTGVVPILVELDGDVNGHKFSVSGEGEGDATYGKLTLKFICTTGKLPVPWPTLVTTLTWGVQCFARYPDHMKQHDFFKSAMPEGYVQERTIFFKDDGNYKTRAEVKFEGDTLVNRIELKGIDFKEDGNILGHKLEYNYISHNVYITADKQKNGIKANFKIRHNIEDGGVQLADHYQQNTPIGDGPVLLPDNHYLSTQSKLSKDPNEKRDHMVLLEFVTAAGITLGMDELYK,CCCCHHHHCCCCCCEEEEEEEEECCEEEEEEEEEEECCCCEEEEEEEEEECCCCCCCHHHHHHHHCCCCCCCCCCCCCCCCCCHHHHHCCCCEEEEEEEEEECCCEEEEEEEEEEECCEEEEEEEEEEECCCCCCCCCCCCCCCCCCCCCEEEEECCCCCEEEEEEEEEEEECCCCEEEEEEEEEEEECCCCCCCCCCCEEEEEEEEECCCCCCCCCCEEEEEHHHHCCCCCCCCCCCC
ECFP,MVSKGEELFTGVVPILVELDGDVNGHKFSVSGEGEGDATYGKLTLKFICTTGKLPVPWPTLVTTLTWGVQCFSRYPDHMKQHDFFKSAMPEGYVQERTIFFKDDGNYKTRAEVKFEGDTLVNRIELKGIDFKEDGNILGHKLEYNYISHNVYITADKQKNGIKANFKIRHNIEDGSVQLADHYQQNTPIGDGPVLLPDNHYLSTQSALSKDPNEKRDHMVLLEFVTAAGITLGMDELYK,CCCCHHHHCCCCCCEEEEEEEEECCEEEEEEEEEEECCCCEEEEEEEEEECCCCCCCHHHHHHHCCCCCCCCCCCCCCCCCCCHHHHHCCCCCEEEEEEEEECCCEEEEEEEEEEECCEEEEEEEEEEECCCCCCCCCCCCCCCCCCCCCEEEEECCCCCCEEEEEEEEEECCCCCEEEEEEECCCCCCCCCCCCCCCCEEEEEEEEECCCCCCCCCCEEEEEEHHHCCCCCCCCCCCC
EBFP,MSKGEELFTGVVPILVELDGDVNGHKFSVSGEGEGDATYGKLTLKFICTTGKLPVPWPTLVTTFSHGVQCFSRYPDHMKRHDFFKSAMPEGYVQERTIFFKDDGNYKTRAEVKFEGDTLVNRIELKGIDFKEDGNILGHKLEYNFNSHNVYIMADKQKNGIKVNFKIRHNIEDGSVQLADHYQQNTPIGDGPVLLPDNHYLSTQSALSKDPNEKRDHMVLLEFVTAAGITHGMDELYK,CCCCHHHCCCCCEEEEEEEEEECCEEEEEEEEEEECCCCEEEEEEEEEECCCCCCCHHHHHCCCCCCCEECCCCCCCCCCCCHHHHHCCCCCEEEEEEEEECCCEEEEEEEEEEECCEEEEEEEEEEECCCCCCCCCCCCCCCCCCCCCEEEECCCCCCCEEEEEEEEEECCCCCEEEEEEECCCCCCCCCCCCCCCCEEEEEEEEECCCCCCCCCEEEEEEEEHHCCCCCCCCCCCC
EYFP,MVSKGEELFTGVVPILVELDGDVNGHKFSVSGEGEGDATYGKLTLKFICTTGKLPVPWPTLVTTFGYGLQCFARYPDHMKQHDFFKSAMPEGYVQERTIFFKDDGNYKTRAEVKFEGDTLVNRIELKGIDFKEDGNILGHKLEYNYNSHNVYIMADKQKNGIKVNFKIRHNIEDGSVQLADHYQQNTPIGDGPVLLPDNHYLSYQSALSKDPNEKRDHMVLLEFVTAAGITLGMDELYK,CCCCHHHHCCCCCCEEEEEEEEECCEEEEEEEEEEECCCCEEEEEEEEEECCCCCCCHHHHHCCCCCCCEEECCCCCCCCCCCHHHHHCCCCCEEEEEEEEECCCEEEEEEEEEEECCEEEEEEEEEEECCCCCCCCCCCEEEECCCCCCEEEECCCCCCCEEEEEEEEEECCCCCEEEEEEECCCCCCCCCCCCCCCCEEEEEEEEECCCCCCCCCCEEEEEEHHHCCCCCCCCCCCC
Unknown,MVAGHASGSPAFGTASHSNCEHEEIHLAGSIQPHGALLVVSEHDHRVIQASANAAEFLNLGSVLGVPLAEIDGDLLIKILPHLDPTAEGMPVAVRCRIGNPSTEYCGLMHRPPEGGLIIELERAGPSIDLSGTLAPALERIRTAGSLRALCDDTVLLFQQCTGYDRVMVYRFDEQGHGLVFSECHVPGLESYFGNRYPSSTVPQMARQLYVRQRVRVLVDVTYQPVPLEPRLSPLTGRDLDMSGCFLRSMSPCHLQFLKDMGVRATLAVSLVVGGKLWGLVVCHHYLPRFIRFELRAICKRLAERIATRITALES,CCCCCCCCCCCCCCCCCCHHHCCCCCCCCCCCCCEEEEEEECCCCEEEEEECCHHHHCCCHHHCCCCHHHHCCHHHHHHHHCCCCCCCCCCCEEEEEECCCCCEEEEEEEECCCCEEEEEEEECCCCCCHHHHHHHHHHHHHHCCCHHHHHHHHHHHHHHHHCCCCEEEEEECCCCCEEEEEEEECCCCCCCCCCCCCCCCCCHHHHHHHHHCCCEEECCCCCCCCCCCCCCCCCCCCCCCCCCCCCCCCCHHHHHHHHHCCCCCEEEEEEEECCEEEEEEECCCCCCCCCCHHHHHHHHHHHHHHHHHHHHHHC
mNeonGreen,MVSKGEEDNMASLPATHELHIFGSINGVDFDMVGQGTGNPNDGYEELNLKSTKGDLQFSPWILVPHIGYGFHQYLPYPDGMSPFQAAMVDGSGYQVHRTMQFEDGASLTVNYRYTYEGSHIKGEAQVKGTGFPADGPVMTNSLTAADWCRSKKTYPNDKTIISTFKWSYTTGNGKRYRSTARTTYTFAKPMAANYLKNQPMYVFRKTELKHSKTELNFKEWQKAFTDVMGMDELYK,CCCCCCHHCCCCCCEEEEEEEEEEECCEEEEEEEEEEECCCCCEEEEEEEECCCCCCCCHHHHHCHHCCCCCCCCCCCCCCCHHHHHHCCCCCCEEEEEEEECCCCEEEEEEEEEEECCEEEEEEEEEEECCCCCCCCCCCCCCCCCCCCCEEEECCCCEEEEEEEEEEEECCCCEEEEEEEEEEEECCCCCCHHHCCCCCCEEEEEEEEEECCCCCCEEEEEHHCCCCCCCCCCC
LanGFP,MHHHHHHGSLLPATHELHIFGSINSLEFDLVGRGTGNPKEGYEELHLKSTKSALQFSPWILVPQIGYGFYQYLPFPDGAMSPFQAAMNDGSGYQVHRTMQFEDGATLTGIYRYTYEGTHIKGEFQVIGTGFPADGPVMTNSLTAADWCVTKIVYPNENTIIDKFDWTYTTTSGKRYQSNVRSNFTFAKPIAANILQKQPMFVFRKTELKHSKTELNFKEWQTAFSDVM,CCCCCCCCCCCCCCEEEEEEEEECCEEEEEEEEEEECCCCCEEEEEEEECCCCCCCCHHHHHHHHCCCCCCCCCCCCCCCCHHHHHHCCCCCEEEEEEEEECCCCEEEEEEEEEEECCEEEEEEEEEEECCCCCCCCCCCCCCCCCCCEEEEEECCCCEEEEEEEEEEEECCCCEEEEEEEEEEEECCCCCCHHCCCCCCCEEEEEEEEEEECCCCCEEEEEHHCCCC
mKusabira-Green,MVSVIKPEMKMRYYMDGSVNGHEFTIEGEGTGRPYEGHQEMTLRVTMAEGGPMPFAFDLVSHVFAYGHRVFTKYPEEIPDYFKQAFPEGLSWERSLEFEDGGSASVSAHISLRGNTFYHKSKFTGVNFPADGPIMQNQSVDWEPSTEKITASDGVLKGDVTMYLKLEGGGNHKCQFKTTYKAAKEILEMPGDHYIGHRLVRKTEGNITELVEDAVAHS,CCCCCCCCCEEEEEEEEEECCEEEEEEEEEEECCCCEEEEEEEEEEECCCCCCCCCHHHHHHHHHHCCCCCCCCCCCCCCHHHHHCCCCCEEEEEEEECCCCEEEEEEEEEEECCEEEEEEEEEEECCCCCCCCCCCCCCCCCCCEEEEECCCCEEEEEEEEEEEECCCCEEEEEEEEEEECCCCHHHCCCCCCCEEEEEEECCCCEEEEEEEEEECC
mKG2,MVSVIKPEMKMRYYMDGSVNGHEFTIEGEGTGRPYEGHQEMTLRVTMAEGGPMPFAFDLVSHVFCYGHRVFTKYPEEIPDYFKQAFPEGLSWERSLEFEDGGSASVSAHISLRGNTFYHKSKFTGVNFPADGPIMQNQSVDWEPSTEKITASDGVLKGDVTMYLKLEGGGNHKCQMKTTYKAAKEILEMPGDHYIGHRLVRKTEGNITEQVEDAVAHS,CCCCCCCCCEEEEEEEEEECCEEEEEEEEEEECCCCEEEEEEEEEEECCCCCCCCCHHHHHHHHHHCCCCCCCCCCCCCCHHHHHCCCCCEEEEEEEECCCCEEEEEEEEEEECCEEEEEEEEEEECCCCCCCCCCCCCCCCCCCEEEEECCCCEEEEEEEEEEEECCCCEEEEEEEEEEECCCCHHHCCCCCCCEEEEEEECCCCEEEEEEEEEECC
Dronpa,MSVIKPDMKIKLRMEGAVNGHPFAIEGVGLGKPFEGKQSMDLKVKEGGPLPFAYDILTTVFCYGNRVFAKYPENIVDYFKQSFPEGYSWERSMNYEDGGICNATNDITLDGDCYIYEIRFDGVNFPANGPVMQKRTVKWEPSTEKLYVRDGVLKGDVNMALSLEGGGHYRCDFKTTYKAKKVVQLPDYHFVDHHIEIKSHDKDYSNVNLHEHAEAHSELPRQAK,CCCCCCCCEEEEEEEEEECCEEEEEEEEEEECCCCCEEEEEEEEECCCCCCCCHHHHHCHHCCCCEECCCCCCCCCCHHHHHCCCCEEEEEEEEECCCCEEEEEEEEEEECCEEEEEEEEEEECCCCCCCCCCCCCCCCCCCEEEEEECCCEEEEEEEEEEEECCCCEEEEEEECEEECCCCCCCCCCEEEEEEEEEEEECCCCCEEEEEEEEEEECCCCCCCC
UnaG,MVEKFVGTWKIADSHNFGEYLKAIGAPKELSDGGDATTPTLYISQKDGDKMTVKIENGPPTFLDTQVKFKLGEEFDEFPSDRRKGVKSVVNLVGEKLVYVQKWDGKETTYVREIKDGKLVVTLTMGDVVAVRSYRRATE,CCCCCCEEEEECEECCHHHHHHHCCCCHHHHHHHHHCCCEEEEEEECCCEEEEEEEECCCCEEEEEEEEECCCEEEEECCCCCCEEEEEEEEECCEEEEEEECCCCEEEEEEEEECCEEEEEEEECCEEEEEEEEECCC
mCherry,MVSKGEEDNMAIIKEFMRFKVHMEGSVNGHEFEIEGEGEGRPYEGTQTAKLKVTKGGPLPFAWDILSPQFMYGSKAYVKHPADIPDYLKLSFPEGFKWERVMNFEDGGVVTVTQDSSLQDGEFIYKVKLRGTNFPSDGPVMQKKTMGWEASSERMYPEDGALKGEIKQRLKLKDGGHYDAEVKTTYKAKKPVQLPGAYNVNIKLDITSHNEDYTIVEQYERAEGRHSTGGMDELYK,CCCCCCCCCCCCCCCCCEEEEEEEEEECCEEEEEEEEEEECCCCEEEEEEEEEECCCCCCCCHHHHHCCCCCCCEECCCCCCCCCHHHHHHCCCCCEEEEEEEECCCCEEEEEEEEEEECCEEEEEEEEEEECCCCCCCCCCCCCCCCCCCEEEEECCCCEEEEEEEEEEEECCCCEEEEEEEEEEECCCCCCCCCCEEEEEEEEECCCCCCEEEEEEEEEEEECCCCCCHHHHCC
sfCherry,EEDNNAIIKEFMRFKVHMEGSVNGHEFEIEGEGEGHPYEGTQTAKLKVTKGGPLPFAWDILSPQFMYGSKAYVKHPADIPDYLKLSFPEGFTWERVMNFEDGGVVTVTQDSSLQDGEFIYKVKLLGTNFPSDGPVMQKKTNGWEASTERMYPEDGALKGEINQRLKLKDGGHYDAEVKTTYKAKKPVQLPGAYNVDIKLDITSHNEDYTIVEQYERAEGRHSTGG,CCCCCCCCCCCCEEEEEEEEEECCEEEEEEEEEEECCCCEEEEEEEEEECCCCCCCCHHHHHCHHCCCCEECCCCCCCCCHHHHHHCCCCEEEEEEEEECCCCEEEEEEEEEEECCEEEEEEEEEEECCCCCCCCCCCCCCCCCCCEEEEECCCCEEEEEEEEEEEECCCCEEEEEEEEEEECCCCCCCCCCEEEEEEEEECCCCCCCEEEEEEEEEEEEECCCC
FusionRed,MVSELIKENMPMKLYMEGTVNNHHFKCTSEGEGKPYEGTQTMRIKVVEGGPLPFAFDILATSFMYGSRTFIKHPPGIPDFFKQSFPEGFTWERVTTYEDGGVLTATQDTSLQDGCLIYNVKVRGVNFPANGPVMQKKTLGWEASTETMYPADGGLEGACDMALKLVGGGHLICNLETTYRSKKPATNLKMPGVYNVDHRLERIKEADDETYVEQHEVAVARYSTGGAGDGGK,CCCCCCCCCCCEEEEEEEEECCEEEEEEEEEEECCCCCEEEEEEEEECCCCCCCCHHHHHCHHCCCCCCCCCCCCCCCCHHHHHCCCCCEEEEEEEECCCCEEEEEEEEEEECCEEEEEEEEEEECCCCCCCCCCCCCCCCCCCEEEEECCCCEEEEEEEEEEEECCCCEEEEEEEEEEEECCCCCCCCCCCCCEEEEEEEEEECCCCCCEEEEEEEEEEECCCCCCCCCCC
Unknown,IEKKKSFAKGMGVKSTLVSGSKVYMTTFAEGSDARLEKIVEGDSIRSVNEGEAFSAEMADKNAGYKIGNAKFSHPKGYAVVANNPLYTGPVQQDMLGLKETLEKRYFGESADGNDNICIQVIHNILDIEKILAEYITNAAYAVNNISGLDKDIIGFGKFSTVYTYDEFKDPEHHRAAFNNNDKLINAIKAQYDEFDNFLDNPRLGYFGQAFFSKEGRNYIINYGNECYDILALLSGLRHWVVHNNEEESRISRTWLYNLDKNLDNEYISTLNYLYDRITNELTNSFSKNSAANVNYIAETLGINPAEFAEQYFRFSIMKEQKNLGFNITKLREVMLDRKDMSEIRKNHKVFDSIRTKVYTMMDFVIYRYYIEEDAKVAAANKSLPDNEKSLSEKDIFVINLRGSFNDDQKDALYYDEANRIWRKLENIMHNIKEFRGNKTREYKKKDAPRLPRILPAGRDVSAFSKLMYALTMFLDGKEINDLLTTLINKFDNIQSFLKVMPLIGVNAKFVEEYAFFKDSAKIADELRLIKSFARMGEPIADARRAMYIDAIRILGTNLSYDELKALADTFSLDENGNKLKKGKHGMRNFIINNVISNKRFHYLIRYGDPAHLHEIAKNEAVVKFVLGRIADIQKKQGQNGKNQIDRYYETCIGKDKGKSVSEKVDALTKIITGMNYDQFDKKRSVIEDTGRENAEREKFKKIISLYLTVIYHILKNIVNINARYVIGFHCVERDAQLYKEKGYDINLKKLEEKGFSSVTKLCAGIDETAPDKRKDVEKEMAERAKESIDSLESANPKLYANYIKYSDEKKAEEFTRQINREKAKTALNAYLRNTKWNVIIREDLLRIDNKTCTLFRNKAVHLEVARYVHAYINDIAEVNSYFQLYHYIMQRIIMNERYEKSSGKVSEYFDAVNDEKKYNDRLLKLLCVPFGYCIPRFKNLSIEALFDRNEAAKFDKEKKKVSGNS,CCHHHHHHHHCCCEEEEEECCEEEEEEECCCCCCEEEEEECCCCCCCCCCCCHHHHHHHHHHCCCCCCCCCCCCCCCEEEECCCCCCCCCCCCCCCCCHHHHHHHHHCCCCCCCCCEEEEHHHHHHCHHHHHHHHHHHHHHHHHCCCCCCCCCCHHCCCEEEECCCCCCCHHHHHCCCCCCHHHHHHHHHHHHHHHHHHCCCCCCHHHHHEEECCCCCCEECCCCHHHHHHHHHHCCCEEEECCCCCCCCCCHHHHHHCCCCCCHHHHHHHHHHHHHHHHHHHHHHHHCCHHHHHHHHHHHCCCHHHHHHHHHHHHHHHHHCCCCCCHHHHHHHHHHCCCCCHHHHHHHCHHHHHHHHHHHHHHHHHHHHHHHHHHHHHHCCCCCCCCCCCCHHHHHHHHHHHCCCHHHCCHHHHHHHHHHHHHHHHHHHHHHHHCCHHHHHHHHHCCCCCCCCCCCCCCHHHHHHHHHHHHHHHCCHHHHHHHHHHHHHHHCHHHHHHHHHHHCCCEEEECCHHHCCCHHHHHHHHHHHHHHHHCCCCCHHHHHHHHHHHHHHHCCCCCHHHHHHHHHHCCCCCCCCCCCCCCCCCCCHHHHCEECCCCEEEEEECCCHHHHHHHHCCCHHHHHHHCCCCHHHHHCCCCCCCHHHHHHHHHCCCCCCCCHHHHHHHHHHHHHCCCHHHHCCCCCHHHCCCCHHHHHHHHHHHHHHHHHHHHHHHHHHHCCCCCEEEEEEEHHHCHHHHHHHCHHHHHHHHHHCCCCHHHHHHHHCCCCCCCCCHHHHHHHHHHHHHCHHCHHHCCHHHHHCCCCCCCHHHHHHHHHHHCHHHHHHHHHHHHHHCCCCEEHHHHHHHCCCHHHHHHHHHHHHHHHHHHHHHHHHHHHHHHHHHHHHHHHHHHHHHHHCHHHHCCCHHHHHHHHHHHCCHHHHHHHHHCCCCCCCCCCCCCCCHHHHCCCCCCCCCCHHHHCCCCCC
LbCas12a,MSKLEKFTNCYSLSKTLRFKAIPVGKTQENIDNKRLLVEDEKRAEDYKGVKKLLDRYYLSFINDVLHSIKLKNLNNYISLFRKKTRTEKENKELENLEINLRKEIAKAFKGNEGYKSLFKKDIIETILPEFLDDKDEIALVNSFNGFTTAFTGFFDNRENMFSEEAKSTSIAFRCINENLTRYISNMDIFEKVDAIFDKHEVQEIKEKILNSDYDVEDFFEGEFFNFVLTQEGIDVYNAIIGGFVTESGEKIKGLNEYINLYNQKTKQKLPKFKPLYKQVLSDRESLSFYGEGYTSDEEVLEVFRNTLNKNSEIFSSIKKLEKLFKNFDEYSSAGIFVKNGPAISTISKDIFGEWNVIRDKWNAEYDDIHLKKKAVVTEKYEDDRRKSFKKIGSFSLEQLQEYADADLSVVEKLKEIIIQKVDEIYKVYGSSEKLFDADFVLEKSLKKNDAVVAIMKDLLDSVKSFENYIKAFFGEGKETNRDESFYGDFVLAYDILLKVDHIYDAIRNYVTQKPYSKDKFKLYFQNPQFMGGWDKDKETDYRATILRYGSKYYLAIMDKKYAKCLQKIDKDDVNGNYEKINYKLLPGPNKMLPKVFFSKKWMAYYNPSEDIQKIYKNGTFKKGDMFNLNDCHKLIDFFKDSISRYPKWSNAYDFNFSETEKYKDIAGFYREVEEQGYKVSFESASKKEVDKLVEEGKLYMFQIYNKDFSDKSHGTPNLHTMYFKLLFDENNHGQIRLSGGAELFMRRASLKKEELVVHPANSPIANKNPDNPKKTTTLSYDVYKDKRFSEDQYELHIPIAINKCPKNIFKINTEVRVLLKHDDNPYVIGIDRGERNLLYIVVVDGKGNIVEQYSLNEIINNFNGIRIKTDYHSLLDKKEKERFEARQNWTSIENIKELKAGYISQVVHKICELVEKYDAVIALEDLNSGFKNSRVKVEKQVYQKFEKMLIDKLNYMVDKKSNPCATGGALKGYQITNKFESFKSMSTQNGFIFYIPAWLTSKIDPSTGFVNLLKTKYTSIADSKKFISSFDRIMYVPEEDLFEFALDYKNFSRTDADYIKKWKLYSYGNRIRIFRNPKKNNVFDWEEVCLTSAYKELFNKYGINYQQGDIRALLCEQSDKAFYSSFMALMSLMLQMRNSITGRTDVDFLISPVKNSDGIFYDSRNYEAQENAILPKNADANGAYNIARKVLWAIGQFKKAEDEKLDKVKIAISNKEWLEYAQTSVKH,CCHHHHHCCCCCCCCEEEEEEEECCCHHHHHHHCCCCHHHHHHHHHHHHHHHHHHHHHHHHHHHHHHCCCCCCHHHHHHHHHHHCCCHHHHHHHHHHHHHHHHHHHHHHCCCCCCHHHCCHHHHHHHHHHCCCCHHHHHHHHHHCCCCHHHHHHHHHHHHCCCCCHHHHCHHHHHHHHHHHHHHHHHHHHHHHHHHCCHHHHHHHHHHHHCCCCCHHHHCCHHHHHHCCCHHCHHHHHHHHCCCCCCCCCCCCCHHHHHHHHHHHCCCCCCCCHHHHCCCCCCCCCCCCCCCCCCCHHHHHHHHHHHHHHHHHHHHHHHHHHHHHHHHHHCCCCCEEEECCHHHHHHHHHHHCCHHHHHHHHHHHHHHHHHCCHHHCCCCCHHHHHHHHCCCCCCCHHHHHHHHHHCHHHHHHHHHHHHHHHHHHHHHHHHHHHHHCCCHHHHHHHCCCHHHHHHHHHHHHHHHHHHHHHHHHHCCCCCCCCCCCCCCCHHHHHHHHHHHHHHHHHHHHHCCCCCCCCCCEECCCCCCCCCCCCCCCCCCCCEEEEEEECCEEEEEEEEHHHHHHHHHHCCCCCCCCEEEEEHHHCCCCCCCCCEEECCHHHHHHCCCCHHHHHHHHCCCCCCCCCCCHHHHHHHHHHHHHHHHHCCHHHHHCCCCCCCCHHCCCHHHHHHHHHHCCEEEEEEECCHHHHHHHHHCCCEEEEEEEECCCCCCCCCCCCCHHHHHHHHHCCCCCCCCCCCCCCEEEEECHHCCCCCCCCCCCCCCCCCCCCCCCCCCCCCCCCCCCCCCCCCCEEEEEEEEEECCCCCCCCCCCCHHHHHCCCCCCCCEEEEECCCCCEEEEEEECCCCCEECCCCHHHHHCCCCHHHHHHHHHHHHHHHHCCCHHHHHHHHHHHHHHHHHHHHHHHHHHHHHHHHHHHCCEEEEECCCCCCCCHHHHHHHHHHHHHHHHHHHHHHHHCCCCCCCCCCCCCCHHHHHHCCHHHHHHHHHCCCEEEEECHHHCCCCCCCCCCCCCCCCCCCCHHHHHHHHHCCCCEEEECCCCEEEEEECHHHCCCCCCCCCCCEEEEECCCEEEEEECCCCCCCCCCEEECHHHHHHHHHHHCCCCCCCCCHHHHHHHCCCHHHHHHHHHHHHHHHHHHCCCCCCCCCCEEECCEECCCCCCCCCCCHHHHCCCCCCCCCCCCHHHHHHHHHHHHHHHHHHCCCCCCCCCCEEECHHHHHHHHHHHHCC
